bob,bobby,bobs,bobino,bobtube,bobsicle,bobslob,bobboy,bobb,bobtacular
21,8,77,257,2,39,294,397,91,316
189,52,393,211,238,258,218,25,390,67
142,159,87,101,286,50,344,105,334,395
240,230,66,415,248,164,21,32,94,136
386,120,399,243,311,56,46,94,96,205
308,241,123,408,182,401,408,52,232,55
319,200,174,206,211,216,410,291,199,115
354,25,408,269,187,325,252,253,414,159
310,66,15,151,199,209,306,410,23,60
181,176,198,360,244,127,283,197,419,69
184,59,189,366,38,24,178,97,238,370
308,56,254,251,66,220,134,287,146,152
3,104,92,235,130,385,14,147,175,34
161,250,308,237,170,394,141,8,90,396
394,419,191,411,399,249,219,340,140,162
291,238,371,198,395,411,121,133,17,134
227,415,84,68,185,45,173,225,306,131
286,285,186,306,372,237,316,252,359,256
183,290,249,63,338,350,344,393,89,377
105,366,235,218,215,26,324,66,319,58
93,36,31,257,395,236,197,278,328,255
373,373,50,387,50,4,124,394,163,287
93,160,408,365,385,310,287,403,284,115
387,180,113,299,350,103,246,171,161,338
99,173,33,287,335,296,13,26,226,126
95,243,327,270,191,196,319,158,57,377
365,72,311,348,251,68,35,154,11,260
32,288,261,225,225,266,178,27,250,342
277,176,416,133,83,360,399,233,398,394
419,128,191,330,167,380,48,254,11,135
293,275,286,20,21,254,389,361,273,316
408,393,256,221,199,388,403,94,293,20
358,102,177,273,289,352,73,274,344,264
215,221,405,143,46,409,72,21,358,24
183,172,88,85,387,78,130,215,142,407
276,253,380,155,282,200,31,171,64,293
190,119,334,214,31,202,140,128,138,29
366,215,227,313,57,111,363,71,275,158
109,234,32,112,278,389,380,326,322,249
46,63,43,106,113,15,317,364,254,8
346,48,258,282,278,273,276,55,159,33
241,285,101,128,392,222,99,38,307,112
392,106,82,186,187,191,400,174,121,61
302,296,49,73,110,196,156,78,142,16
199,205,387,231,125,228,219,10,141,217
287,218,29,348,241,377,388,114,285,109
396,49,45,318,9,206,166,408,175,49
55,311,240,338,380,344,242,178,146,250
41,249,404,38,95,264,63,391,126,42
115,93,290,185,355,205,4,377,36,401
29,157,418,47,19,264,209,101,228,242
376,93,212,284,247,377,115,83,96,208
264,219,301,341,95,329,242,348,288,122
249,46,40,17,310,16,318,329,144,129
256,327,357,209,381,284,75,265,84,163
30,66,283,326,369,73,164,255,65,185
158,13,62,149,176,267,264,53,388,410
368,411,71,346,274,372,197,253,411,62
292,132,218,415,307,130,351,392,351,188
114,45,115,172,78,190,360,378,320,285
276,313,218,229,198,331,240,317,333,57
40,262,119,309,219,140,396,347,117,114
363,279,1,82,389,94,200,13,108,285
259,154,401,195,111,13,59,336,76,339
29,255,48,233,409,16,361,72,365,280
55,263,149,368,355,78,7,326,81,264
187,21,197,148,300,298,336,365,227,237
240,10,70,91,86,222,104,275,106,359
73,11,418,384,178,299,2,142,326,367
225,171,319,263,122,281,53,186,117,120
149,246,67,183,82,216,88,237,233,368
8,10,285,383,119,229,365,184,305,346
271,314,211,328,12,112,376,329,294,376
56,248,292,51,9,272,38,262,236,16
213,379,290,269,121,332,285,316,297,147
127,156,212,287,303,166,295,242,408,82
105,222,407,17,144,151,74,195,195,25
65,352,110,258,294,160,283,256,336,294
308,224,230,152,19,359,118,240,41,173
361,375,159,401,100,291,354,59,283,77
168,129,127,229,339,275,219,404,247,324
45,25,317,23,117,169,242,5,217,373
353,326,46,374,391,418,191,42,408,326
183,359,304,82,98,184,135,242,196,215
224,402,251,339,237,380,415,35,265,45
183,125,15,387,106,86,415,260,65,356
9,240,338,176,365,187,12,332,260,370
296,299,35,208,198,9,298,110,38,167
27,303,114,252,404,16,205,126,144,130
125,218,329,53,165,1,295,46,58,117
165,265,201,322,298,337,157,258,402,53
113,281,178,289,319,231,350,110,294,392
352,279,146,274,339,120,164,99,96,133
282,242,25,183,267,417,130,78,225,154
418,10,153,312,414,52,106,153,372,106
101,313,48,403,308,360,41,328,106,250
168,106,402,60,282,287,70,189,388,24
36,402,332,13,380,308,196,126,403,387
139,148,66,331,120,107,97,3,201,54
262,295,72,107,37,215,30,217,333,328
119,416,160,154,52,331,177,350,125,342
232,59,321,229,362,305,336,29,209,168
323,313,271,13,139,181,38,374,396,162
322,94,277,93,251,297,376,176,340,215
392,177,335,126,38,105,162,317,108,72
266,382,143,234,245,316,300,388,138,235
352,47,143,367,298,12,384,252,380,155
85,363,26,182,103,404,368,384,347,89
115,4,322,308,117,69,78,177,86,6
225,29,366,371,56,104,405,294,380,399
232,186,211,245,69,330,173,16,229,314
63,295,415,395,98,213,395,25,326,225
269,91,87,217,226,30,254,110,171,171
108,219,381,62,343,129,367,209,132,348
135,157,305,74,329,63,375,105,3,415
144,405,183,172,364,205,147,302,49,98
184,217,401,162,214,291,15,244,88,301
40,64,205,203,266,181,380,90,268,385
339,7,52,169,322,264,406,279,70,101
45,127,141,290,37,101,63,120,294,163
149,340,377,266,305,25,96,270,68,267
242,268,384,58,294,312,413,46,154,401
220,144,398,118,25,397,131,68,38,7
288,23,103,39,170,60,325,273,281,392
106,314,150,201,340,229,123,288,18,189
127,151,292,130,229,80,78,118,280,404
124,91,2,53,364,212,266,176,151,105
218,82,177,329,401,116,78,179,57,327
409,101,254,21,231,374,156,80,150,48
410,301,388,189,121,169,163,189,221,212
35,205,165,112,393,315,127,364,399,47
39,162,84,228,8,330,375,322,106,5
414,253,348,171,240,8,267,288,409,31
76,148,313,65,215,289,314,330,350,321
149,24,302,92,315,370,351,389,18,69
119,395,242,46,235,201,300,246,220,263
142,371,285,348,407,149,354,121,70,324
394,196,131,84,106,372,405,322,68,161
284,83,185,403,42,248,340,295,250,124
298,406,280,169,244,298,222,162,98,155
206,380,209,151,154,275,206,42,236,332
271,73,370,82,325,301,169,303,297,220
29,2,81,307,53,146,58,22,364,274
254,198,410,294,43,67,259,166,317,57
192,171,286,103,1,375,315,388,27,187
165,28,13,388,336,160,371,373,121,385
248,137,79,102,191,15,91,92,28,217
281,377,63,298,26,69,71,380,407,100
280,368,398,144,85,395,15,345,139,294
79,46,46,418,109,249,58,5,370,272
321,216,343,395,379,158,375,356,146,177
327,355,289,157,105,355,141,173,207,310
143,268,403,45,178,402,344,343,164,8
203,162,280,291,389,414,200,240,300,46
348,336,418,324,22,237,19,186,159,73
294,69,352,180,234,401,313,189,71,265
131,370,339,267,311,355,316,319,269,5
200,96,100,396,169,182,250,330,186,199
46,388,131,6,339,37,86,89,376,374
250,207,261,405,248,414,374,296,306,8
405,111,57,297,33,116,33,130,43,285
406,14,287,191,384,393,39,62,186,174
27,12,51,162,119,225,376,22,157,172
58,344,384,232,404,335,218,197,391,233
331,300,53,157,221,265,418,364,22,33
86,118,402,353,193,336,208,349,85,312
345,74,233,126,243,328,157,83,13,151
42,121,388,36,303,383,291,318,80,4
225,180,89,58,154,165,111,115,275,293
363,218,373,275,418,151,98,317,170,211
170,256,58,293,358,225,269,315,361,201
162,360,13,146,413,80,151,154,340,128
382,410,385,227,291,163,54,48,165,122
201,227,352,258,227,305,372,17,52,76
386,181,303,2,90,343,312,92,55,50
215,231,265,76,174,145,78,105,27,205
235,250,240,157,413,62,96,324,344,19
118,130,409,273,149,80,398,352,228,133
50,196,59,345,155,62,133,340,263,107
304,141,212,87,41,218,164,311,111,261
6,75,271,236,389,110,361,294,187,154
207,303,225,331,306,176,408,251,119,197
296,114,192,328,118,17,80,23,304,69
246,326,381,212,144,131,379,76,246,390
283,179,50,197,30,144,371,384,374,42
128,251,199,120,352,205,197,28,266,195
364,37,278,6,381,35,130,51,349,260
334,236,162,310,1,288,257,12,133,133
38,41,73,14,147,343,21,214,267,276
333,206,193,76,93,264,199,247,195,347
116,261,147,11,3,56,123,68,63,318
302,168,89,175,1,276,293,306,179,265
383,317,84,171,138,361,409,37,158,208
24,21,208,48,113,358,328,254,195,298
173,35,331,173,234,336,178,253,311,156
55,252,370,138,178,156,401,191,138,240
19,316,406,141,211,319,153,180,165,237
328,274,231,317,30,251,66,326,225,240
275,261,271,411,210,294,274,103,267,92
264,271,40,262,221,330,233,125,157,277
272,183,64,282,57,323,52,367,344,269
210,8,172,82,252,43,75,184,187,285
394,341,384,31,319,290,265,178,55,372
322,165,373,313,268,215,76,408,149,31
418,189,417,109,17,46,169,163,121,27
299,51,126,1,327,2,195,336,175,297
55,218,213,195,104,20,92,38,351,262
390,215,394,408,175,20,395,345,261,155
234,240,304,414,355,216,69,327,42,9
241,268,218,364,195,156,218,403,94,388
360,29,366,198,358,378,226,126,24,237
197,333,83,47,213,303,282,47,234,300
209,211,97,153,28,266,218,52,296,66
374,387,144,18,162,215,108,322,345,22
275,275,287,35,1,5,287,162,144,275
160,285,40,324,364,149,1,35,129,290
395,11,296,371,219,388,33,23,254,391
58,54,16,332,100,206,340,251,303,144
105,187,55,164,102,246,329,159,418,333
37,368,293,288,208,237,205,194,145,264
125,150,419,292,381,117,385,53,230,294
71,266,115,367,320,231,19,386,260,186
321,72,318,49,61,253,294,283,399,50
238,47,284,277,90,183,286,124,354,315
319,87,258,332,396,80,193,322,205,315
370,292,13,59,245,58,376,317,168,127
72,248,98,253,376,31,246,384,13,324
259,213,318,377,286,323,163,18,243,99
353,296,77,413,207,403,170,268,418,48
387,316,246,411,70,141,174,179,34,46
130,162,24,336,204,73,10,208,165,174
217,189,123,68,6,382,228,297,79,293
228,295,97,143,96,374,414,313,319,358
50,169,413,257,156,248,167,147,24,362
393,162,345,22,6,293,175,277,280,298
352,211,309,92,404,130,204,244,221,97
245,105,286,355,372,43,41,364,373,154
408,287,389,166,100,47,361,126,292,405
146,183,329,395,371,384,120,95,343,130
170,410,270,292,30,100,117,265,330,297
222,86,243,416,30,23,344,126,116,104
306,19,416,296,225,298,267,268,31,176
113,269,158,196,303,215,64,158,392,239
164,96,95,192,339,145,377,45,242,350
269,18,332,257,81,376,258,110,21,282
67,168,22,49,102,202,91,405,419,94
226,211,362,176,132,199,171,7,4,262
253,6,263,220,100,145,295,243,419,313
211,202,131,75,390,90,322,119,220,358
322,146,40,150,122,350,157,402,90,371
277,356,14,145,127,75,383,171,374,364
122,350,257,238,340,336,209,238,278,241
366,87,32,304,234,391,37,377,116,105
389,108,183,59,103,381,234,50,45,378
194,254,360,15,247,123,395,118,152,50
32,248,58,82,124,291,133,335,331,35
260,276,172,283,106,18,141,408,237,89
327,355,156,295,343,146,262,307,336,363
384,233,303,389,364,292,375,376,272,289
371,45,298,332,386,295,57,25,127,64
94,165,27,418,257,119,86,106,14,65
405,348,251,211,252,409,206,308,88,252
68,77,225,3,245,299,293,354,158,5
296,182,397,272,263,16,137,215,406,79
119,128,363,91,413,103,143,53,375,226
152,15,26,195,408,364,194,389,320,301
10,152,367,36,187,143,237,54,265,204
96,341,162,119,10,261,151,383,93,369
103,30,144,45,71,139,15,179,291,112
148,183,418,232,151,285,113,154,412,99
349,418,386,99,133,95,377,343,390,242
328,249,249,215,346,400,89,20,197,244
152,168,239,72,34,264,328,232,300,200
114,227,328,78,230,220,347,360,408,4
293,245,389,374,186,135,367,258,287,17
333,21,11,284,51,110,20,373,236,349
281,186,210,137,50,49,281,104,286,362
301,84,89,378,146,348,87,85,79,95
159,49,28,39,112,163,9,418,185,353
321,101,171,207,333,363,217,39,100,387
394,6,67,34,327,389,82,332,74,93
229,90,411,285,127,324,388,98,283,108
73,190,29,61,55,418,205,372,213,380
94,369,10,264,114,37,372,17,67,100
180,334,2,353,248,103,341,260,51,328
261,34,106,151,71,294,129,306,330,180
278,12,319,312,30,86,252,252,138,48
130,210,164,57,71,121,351,226,275,415
270,180,122,408,263,76,74,245,72,68
191,98,40,224,212,415,25,64,83,2
3,123,227,330,97,383,217,335,74,122
8,386,47,69,287,46,152,330,204,88
39,147,116,128,49,219,64,407,383,255
294,33,180,97,350,185,22,96,190,81
154,290,266,120,354,148,354,297,205,376
131,166,69,350,99,181,140,11,258,349
388,112,28,113,347,286,116,241,162,178
257,10,298,129,44,52,354,175,172,332
14,360,19,168,382,357,347,81,193,33
123,191,330,332,51,103,80,309,264,255
191,181,355,148,34,321,64,248,119,146
172,408,248,65,405,119,367,100,303,87
419,9,195,416,102,101,105,23,280,280
321,341,46,304,59,255,187,292,54,214
419,365,81,377,333,295,313,408,319,58
400,100,331,365,107,233,38,215,202,61
380,24,87,247,90,330,381,125,296,34
52,365,302,307,406,398,52,278,169,377
407,280,197,232,329,54,117,251,73,56
210,188,202,58,326,333,59,110,373,369
128,189,80,100,185,58,213,138,207,5
358,149,66,155,242,49,41,281,411,58
349,339,53,137,288,347,217,40,50,393
77,109,405,277,224,137,397,134,119,255
37,207,335,388,290,17,232,141,14,182
191,147,186,415,213,142,312,219,86,400
406,120,149,36,319,194,187,364,155,393
254,166,121,234,292,56,26,400,132,20
41,205,198,37,199,357,95,138,327,125
360,103,147,409,78,292,173,88,250,259
73,306,416,201,178,35,124,95,161,192
54,82,219,135,279,334,17,276,34,228
235,339,78,3,60,312,234,410,365,94
314,316,153,317,149,96,54,361,145,54
372,242,369,221,321,71,272,123,62,372
295,112,70,380,170,50,194,121,176,138
184,111,356,63,258,217,390,298,180,32
95,70,161,389,6,321,32,342,353,323
346,73,416,122,414,304,263,194,338,75
250,285,68,102,419,245,407,319,137,1
137,413,253,196,246,299,372,300,292,251
250,97,68,286,105,273,44,198,121,64
171,238,294,55,155,149,333,248,230,352
332,173,292,64,419,133,184,24,286,158
160,265,234,175,52,47,324,106,286,36
156,207,9,233,343,188,105,207,354,297
400,84,236,131,293,215,31,263,346,27
412,331,391,269,131,110,44,371,383,86
72,140,230,266,367,108,136,355,400,156
392,349,210,266,284,418,302,94,156,24
261,242,124,369,284,340,361,294,7,227
83,73,316,243,239,322,62,177,23,345
99,38,335,96,276,285,364,236,35,277
385,156,25,177,375,304,166,412,102,277
397,83,123,315,225,256,414,351,160,316
137,227,207,325,293,154,229,135,89,195
75,33,55,258,89,85,259,179,82,373
142,268,50,329,371,338,317,57,325,148
49,15,4,168,3,142,11,376,377,276
6,63,240,271,367,142,349,270,392,368
310,82,297,221,413,129,264,215,30,277
10,176,358,112,51,377,187,258,134,183
15,367,101,137,166,351,286,175,374,178
217,217,351,224,294,280,297,102,46,411
287,224,133,392,80,29,241,244,225,214
93,137,271,157,170,311,115,280,371,274
71,86,2,324,419,80,250,317,184,409
174,337,105,269,69,24,340,53,319,389
268,288,171,62,290,9,152,32,205,136
250,9,217,205,290,354,413,241,345,142
408,414,86,370,299,307,228,353,403,50
105,54,247,205,360,274,180,49,125,248
12,97,162,10,332,303,53,168,244,419
209,416,184,217,126,55,303,191,369,120
417,153,224,121,288,294,24,249,159,219
116,323,121,16,258,302,212,283,418,64
92,346,200,94,315,326,345,328,240,190
304,142,250,119,418,365,411,268,63,74
173,41,410,69,169,104,59,196,17,393
120,276,36,333,289,42,44,41,34,241
214,253,321,363,169,71,109,160,348,16
323,312,222,60,91,134,27,339,275,225
339,343,267,98,77,411,50,342,215,347
233,252,39,219,28,155,294,105,110,370
164,176,175,332,307,142,24,330,382,409
47,89,204,277,316,180,255,117,269,218
40,110,342,209,191,46,33,40,23,354
298,358,299,98,108,302,298,249,339,169
71,4,253,330,207,340,22,100,133,397
321,279,370,106,89,37,258,82,358,227
205,393,304,392,42,88,244,66,148,88
293,218,189,143,279,155,228,176,376,86
363,383,5,52,95,70,52,101,365,51
299,358,134,234,195,107,1,165,24,55
130,16,412,221,316,223,298,59,17,70
98,376,341,39,131,157,72,207,230,367
360,6,118,159,177,417,315,24,151,86
214,183,378,394,32,394,212,78,305,35
28,117,174,339,40,179,358,207,134,127
104,33,86,231,17,119,189,242,237,280
150,271,247,321,371,269,222,317,209,189
40,65,151,96,312,213,344,249,179,330
170,335,252,160,128,416,398,414,210,321
133,326,361,340,9,363,76,178,249,281
397,217,138,199,109,98,211,224,63,81
133,320,324,374,393,253,385,135,419,30
82,175,284,385,23,7,262,223,368,288
30,305,199,356,190,98,353,209,244,266
75,94,131,127,22,124,129,183,184,222
353,228,269,298,308,247,220,318,123,219
357,140,23,27,268,20,391,76,232,52
223,106,337,297,136,197,170,51,186,299
400,386,141,286,331,145,297,350,104,289
317,26,223,168,107,271,118,359,55,394
121,159,335,346,70,184,318,218,56,260
122,60,99,237,392,213,219,21,229,361
110,125,86,260,353,249,34,344,125,330
375,53,321,162,146,346,50,181,239,324
143,196,287,369,322,121,386,283,27,42
253,78,121,370,319,356,192,116,7,336
309,107,162,324,278,168,203,266,124,257
194,366,167,417,315,58,197,60,348,397
169,146,338,49,399,104,337,12,311,34
315,24,327,264,192,416,201,322,179,136
127,204,190,107,280,135,110,99,37,290
310,359,406,75,388,133,124,98,204,156
192,332,147,215,397,58,83,379,170,171
169,324,72,327,302,260,370,295,74,175
125,264,324,212,303,332,8,12,238,181
378,356,227,312,112,251,58,402,171,176
207,378,104,147,418,271,252,9,12,188
174,84,418,264,35,384,181,214,176,327
304,87,387,347,196,140,100,184,244,221
200,406,414,151,374,308,350,153,334,251
235,274,83,75,178,186,155,356,214,198
126,62,96,64,131,107,177,16,53,104
204,321,29,144,85,124,252,46,257,296
8,419,292,228,200,339,188,185,162,365
379,145,281,206,129,316,378,410,60,29
180,122,311,324,213,260,204,338,73,416
224,219,265,286,218,367,16,175,196,19
251,87,341,318,179,197,194,150,302,360
288,172,327,217,256,228,79,300,396,11
191,168,192,121,87,290,305,360,198,333
211,299,147,185,85,206,67,341,221,40
333,285,97,281,76,171,65,161,131,306
55,325,304,409,107,40,121,173,172,165
305,242,297,84,358,166,368,378,415,146
202,284,98,366,411,296,24,244,325,177
24,394,390,348,375,191,354,400,118,160
262,60,116,227,384,351,202,364,366,263
10,268,39,206,354,279,257,24,341,393
322,44,7,169,343,410,274,14,311,325
327,321,129,376,379,3,237,204,143,102
70,376,221,419,325,198,183,280,188,2
155,24,321,360,163,112,68,233,152,304
55,257,143,208,224,27,332,11,42,395
246,399,197,122,369,131,365,116,403,196
156,126,248,310,82,285,398,365,212,401
24,127,234,325,320,21,224,389,267,43
215,364,112,208,334,173,407,271,373,388
273,79,300,247,319,175,317,195,232,19
58,159,304,74,331,273,161,175,53,232
195,374,416,372,27,173,387,218,26,195
352,116,138,86,281,4,94,61,42,280
416,169,157,330,146,358,419,295,63,38
291,399,211,164,201,5,281,89,197,43
76,278,404,29,307,87,38,219,167,216
112,161,102,236,400,115,383,254,111,330
261,271,323,71,147,273,407,328,43,346
281,179,121,241,19,65,174,215,283,191
81,95,279,285,234,417,345,37,17,252
74,379,5,92,53,96,319,193,315,38
16,286,6,227,249,111,302,116,274,59
385,399,365,284,2,297,213,80,349,55
200,301,327,172,9,327,80,101,365,93
138,210,276,116,17,6,398,243,249,345
356,405,410,114,296,414,59,153,346,120
226,254,9,286,226,207,332,99,122,388
230,410,81,39,107,386,50,269,240,330
135,279,65,124,6,29,164,364,353,398
144,206,370,170,270,410,38,39,73,189
352,54,138,56,312,41,187,375,16,343
410,364,32,207,240,386,407,319,301,348
126,199,82,310,203,58,363,391,97,137
220,280,187,324,386,33,378,348,119,276
243,141,405,19,341,289,3,268,76,399
69,36,246,166,419,117,330,308,280,341
49,174,257,165,260,119,419,277,43,137
83,206,93,205,56,170,359,326,44,358
86,296,324,78,11,389,34,312,396,58
46,61,190,28,142,86,283,109,141,1
28,118,188,146,197,6,41,363,163,237
352,212,299,176,4,246,238,311,194,217
21,59,107,259,231,96,329,147,288,109
269,304,163,306,150,100,268,42,13,142
361,218,350,403,29,307,70,370,47,393
345,107,368,136,338,179,290,281,291,68
177,13,77,395,390,86,362,303,51,246
106,204,253,107,163,7,301,391,218,186
21,65,184,198,392,129,339,283,165,13
157,408,362,201,329,282,107,333,263,331
180,350,113,278,269,175,308,209,101,331
188,64,61,146,206,242,371,303,247,296
376,2,179,263,18,211,105,25,329,108
257,242,132,403,324,12,316,306,32,288
38,149,277,142,298,32,318,392,310,206
134,407,104,163,285,258,201,292,89,1
113,284,412,204,41,389,406,29,314,13
398,146,315,419,64,220,359,185,140,124
340,59,287,276,138,175,79,244,352,70
95,384,185,101,309,143,331,167,299,187
241,216,262,406,134,249,68,132,251,114
135,47,348,198,285,351,238,99,279,242
86,189,201,347,298,191,341,303,73,96
200,216,343,274,252,390,371,316,272,75
124,412,150,386,24,11,283,107,67,228
258,352,240,159,415,240,88,396,163,206
181,30,189,273,200,283,222,217,205,103
205,334,292,198,80,354,4,81,158,274
88,366,406,148,274,197,407,271,75,123
376,195,93,72,291,397,114,329,121,193
241,240,38,114,17,215,290,44,174,401
344,3,279,113,159,338,278,215,246,233
219,98,44,217,318,93,324,379,275,278
296,387,4,40,278,260,142,167,404,271
265,413,263,251,415,246,46,300,351,404
116,317,103,227,192,90,260,133,12,30
2,322,275,405,274,105,294,295,116,219
23,111,273,99,20,143,8,162,218,296
97,170,139,203,70,235,347,172,334,368
284,120,232,183,288,260,332,322,349,91
362,15,398,279,302,269,60,187,377,210
320,63,99,266,148,406,25,185,225,332
50,270,173,27,2,332,210,415,125,59
333,297,187,35,354,237,298,51,338,194
82,223,108,90,62,161,275,397,168,34
147,256,359,235,303,132,114,354,284,43
299,98,273,213,283,113,200,57,71,265
47,139,246,292,292,390,122,75,365,173
195,104,71,103,30,212,197,124,401,215
149,298,11,260,4,312,278,379,330,379
379,340,59,263,4,126,134,71,309,18
336,75,220,325,109,363,36,74,153,88
199,414,381,92,257,393,358,410,126,185
153,312,273,241,260,267,41,68,331,141
167,150,138,161,361,131,333,236,263,388
46,384,394,145,338,225,400,144,37,266
387,411,257,113,178,93,309,161,385,221
116,331,133,90,41,241,310,41,28,38
140,148,72,282,13,122,145,146,80,137
371,336,220,15,173,47,221,287,281,343
280,116,200,260,103,114,4,125,96,164
3,147,320,271,68,177,367,84,17,410
401,403,120,249,226,298,357,233,266,128
84,156,283,188,95,280,70,204,14,406
68,162,37,21,19,64,67,202,326,290
341,45,117,234,7,214,147,388,198,57
358,405,408,367,20,182,320,124,326,230
151,148,187,276,268,327,227,257,1,80
31,55,224,260,396,106,12,123,24,354
85,205,120,33,189,414,382,216,115,274
360,33,248,387,253,194,213,23,98,100
41,24,101,313,262,275,17,158,210,140
20,19,115,128,372,319,412,398,197,175
337,227,336,174,240,149,146,29,376,306
330,90,22,265,51,318,67,211,101,15
140,194,28,85,412,384,102,387,328,65
68,399,122,405,295,384,54,67,372,226
190,297,342,132,231,213,177,51,119,191
381,131,358,69,133,254,115,384,387,363
211,156,337,417,265,247,21,93,250,287
398,162,291,166,326,280,384,374,413,331
335,254,353,328,324,3,194,6,251,123
70,257,149,148,142,280,120,48,182,274
284,170,289,32,67,247,275,197,172,275
267,67,166,372,243,365,1,50,165,310
123,348,191,225,238,86,309,304,57,368
362,172,305,220,401,305,73,280,97,240
140,396,86,171,32,367,52,21,410,396
347,320,362,202,158,375,306,304,392,119
85,377,360,119,56,63,335,167,212,109
53,144,70,342,238,127,112,184,177,341
270,2,70,143,169,75,314,90,368,99
204,359,345,221,398,175,143,223,111,296
118,393,387,56,373,379,306,394,160,72
59,237,152,369,130,124,311,43,143,43
43,199,92,311,267,180,194,75,290,15
134,224,388,152,102,65,16,356,57,100
273,16,370,75,400,106,8,117,355,164
42,337,312,363,161,175,300,158,150,133
301,230,30,88,291,331,178,276,135,136
387,77,339,242,400,36,163,11,374,346
30,156,210,54,30,383,50,59,64,329
179,122,61,75,67,40,326,81,274,408
74,41,134,332,390,78,333,317,378,383
174,224,97,106,338,8,286,55,256,50
310,407,144,163,277,147,358,145,373,142
265,289,377,231,53,104,192,234,251,408
128,299,175,75,405,62,26,234,417,329
8,314,232,403,14,321,34,114,110,201
402,414,318,104,278,122,7,183,43,410
2,331,213,82,259,320,304,21,224,186
330,239,300,238,247,163,12,292,198,254
259,348,250,393,402,367,29,211,8,272
10,66,68,2,175,360,26,263,312,128
66,200,10,229,146,139,97,397,272,107
181,197,324,407,369,399,24,278,149,230
225,104,390,133,42,181,206,206,130,155
347,16,123,245,347,233,382,109,398,233
61,268,96,121,289,305,234,195,386,6
75,386,20,134,358,128,214,78,216,284
379,305,349,192,319,275,110,177,37,386
302,42,355,213,247,225,183,153,315,378
235,312,281,6,6,276,62,23,117,239
345,116,110,327,280,60,265,406,289,307
207,248,372,122,77,384,224,223,333,17
63,408,38,352,309,297,271,277,53,5
66,43,302,71,190,64,193,99,149,91
199,113,367,278,395,264,70,161,176,348
414,132,265,293,84,181,66,316,60,378
290,213,294,203,266,86,194,213,188,283
257,122,48,295,206,199,80,17,183,115
262,325,394,153,59,64,7,349,368,245
69,40,237,265,363,119,368,192,191,313
234,306,121,116,31,26,39,212,191,45
25,10,77,347,290,115,230,193,192,348
249,392,315,195,195,79,230,410,358,368
272,228,225,315,41,68,211,382,266,263
244,254,8,379,275,311,232,178,26,110
398,66,284,38,287,198,149,395,265,383
42,2,4,225,4,59,177,14,48,318
406,114,371,350,111,9,93,415,259,419
164,4,188,225,407,123,305,253,163,208
62,55,252,17,35,50,188,388,94,122
240,394,89,383,308,337,300,372,162,155
313,193,395,231,82,233,346,251,21,324
199,397,39,51,90,47,201,163,291,58
385,201,90,3,407,24,384,1,142,303
57,326,194,290,13,329,134,412,343,239
181,59,251,142,246,310,116,231,187,323
283,270,7,138,253,117,295,79,197,113
371,136,128,347,378,359,364,391,289,216
396,381,157,11,128,109,324,175,167,278
193,173,304,277,327,371,88,275,364,195
170,388,302,194,395,213,160,57,269,260
312,202,8,236,238,72,323,362,290,402
350,202,161,115,103,41,145,149,117,18
54,341,116,103,375,31,282,365,397,382
376,10,41,299,84,260,265,239,163,352
7,81,25,40,231,27,306,38,140,106
402,162,320,51,87,14,212,297,31,220
139,266,388,249,276,122,30,34,395,369
196,175,351,141,25,32,250,39,375,230
57,181,141,340,226,269,289,380,225,157
336,380,102,324,103,192,217,304,383,412
171,149,61,138,402,273,11,407,61,140
290,14,391,350,128,130,165,303,15,193
124,91,88,299,201,102,118,267,106,41
178,408,197,336,149,385,355,78,7,226
302,330,214,58,331,164,355,190,347,320
189,320,290,227,371,150,366,33,108,49
390,248,276,247,194,93,224,122,41,160
116,76,217,262,308,404,19,95,89,347
360,23,70,193,259,327,294,413,242,155
75,158,162,26,299,375,417,21,301,240
296,192,165,205,6,315,195,159,214,94
335,79,397,175,116,411,41,194,321,363
17,327,221,316,43,94,187,115,353,203
164,8,268,41,206,80,397,336,349,245
55,185,47,96,409,23,217,346,272,1
38,180,374,68,315,247,366,4,170,209
132,328,326,320,182,311,91,27,187,266
398,78,316,228,413,94,244,151,176,140
118,43,306,383,93,167,387,271,224,222
349,366,230,79,28,405,399,322,86,400
107,115,323,261,156,264,3,101,386,364
405,47,160,18,207,323,218,345,133,267
85,327,368,239,229,115,281,304,21,159
80,315,119,149,28,10,230,36,193,126
228,9,371,189,302,234,355,224,100,96
63,156,23,66,82,86,163,130,35,415
312,383,223,269,43,251,392,96,365,142
401,339,161,362,76,410,50,248,354,384
406,123,121,275,181,5,62,337,353,131
289,395,181,402,349,58,222,71,112,284
217,51,376,325,220,367,319,377,383,48
197,382,303,319,352,226,242,268,238,124
116,403,142,45,300,289,163,92,100,336
68,310,190,139,345,139,47,265,77,394
394,89,191,388,332,9,168,101,319,84
50,417,59,76,264,291,171,235,163,311
372,157,124,62,325,227,149,118,48,405
187,43,328,340,369,114,349,272,35,129
373,116,223,165,269,309,157,103,271,283
189,67,313,94,220,181,158,144,390,185
306,138,252,99,107,101,228,404,342,250
350,320,194,65,246,113,331,162,77,119
382,18,62,339,368,334,330,375,110,24
215,332,265,409,189,279,361,157,416,349
204,288,261,307,158,127,356,58,14,154
180,130,188,23,311,143,21,123,82,241
391,280,279,239,18,139,293,76,272,59
36,296,254,10,141,170,229,172,394,91
168,377,39,317,64,79,280,344,131,48
240,165,407,263,379,405,125,249,45,68
218,273,228,64,352,273,57,78,152,142
142,201,334,63,370,271,295,295,204,323
320,337,208,85,72,188,109,10,316,307
324,144,235,179,125,284,325,389,382,219
187,227,350,401,398,25,169,355,238,378
314,193,101,206,156,37,121,404,284,68
309,306,370,379,30,28,279,254,400,249
133,354,373,334,38,23,415,167,321,43
304,246,165,325,356,224,50,294,31,78
207,404,107,316,293,6,378,419,42,241
304,126,127,305,194,350,354,22,347,396
121,32,9,309,222,176,219,30,408,28
382,14,38,27,142,291,24,174,342,104
224,397,71,363,335,25,357,362,42,183
233,129,328,154,315,227,7,70,2,373
73,345,144,128,3,383,167,265,267,30
317,92,412,279,301,230,409,100,44,288
31,95,152,171,102,212,320,122,373,162
248,81,272,304,263,154,398,290,168,213
184,88,237,388,249,337,192,248,41,337
214,143,178,291,379,412,352,344,41,200
176,294,175,240,50,384,207,327,66,73
79,399,331,198,276,330,402,106,376,300
62,59,183,362,175,168,304,172,405,170
85,120,126,228,297,380,413,222,178,297
127,323,355,305,226,317,102,409,403,152
94,293,334,296,401,383,80,412,294,354
292,264,403,76,65,188,411,321,273,230
208,157,318,402,115,193,87,352,267,389
206,150,364,64,362,115,228,186,355,329
380,317,251,359,347,52,69,191,190,161
410,388,130,316,221,12,413,199,405,129
64,178,156,222,199,251,40,179,264,133
277,96,340,67,291,137,369,396,5,195
235,55,85,2,210,318,234,210,172,276
297,122,187,273,87,338,390,175,299,155
6,145,11,252,24,33,70,1,278,298
255,293,20,220,118,418,413,247,10,194
134,300,64,111,24,136,41,238,209,239
149,354,381,25,147,325,39,40,236,173
63,6,100,109,72,378,327,143,76,378
376,128,93,170,413,356,110,168,55,175
150,198,210,138,412,326,247,361,99,174
172,256,10,368,139,194,411,377,10,388
378,103,354,308,180,134,380,287,299,311
257,147,413,208,217,56,357,246,417,7
364,219,150,15,78,208,330,137,282,275
219,85,167,310,352,404,339,46,119,356
378,252,345,225,385,75,394,101,382,264
293,97,41,388,198,290,233,333,15,282
413,144,257,340,68,61,275,319,416,59
88,308,311,150,324,215,44,401,181,108
391,269,139,21,113,142,175,32,104,245
381,327,294,337,171,255,167,85,55,302
74,328,309,25,282,215,261,338,373,16
416,170,197,115,5,232,163,272,398,148
19,418,94,206,211,342,224,259,57,75
194,116,325,121,141,413,344,326,212,418
388,324,142,367,239,117,22,124,152,295
225,27,366,246,244,236,313,379,408,8
3,273,242,226,405,144,180,27,233,19
149,385,336,342,190,243,395,279,381,280
21,132,113,355,98,174,131,246,153,330
240,60,224,245,267,148,169,298,156,94
328,397,27,160,290,291,407,101,13,38
78,395,149,74,137,188,142,135,214,68
349,367,370,348,205,263,13,250,276,335
215,269,369,230,195,116,361,318,152,76
335,33,351,346,398,176,23,253,89,374
24,187,371,321,168,371,181,246,11,269
161,123,124,280,58,178,418,15,6,15
138,265,366,242,414,290,247,252,333,48
354,8,173,147,301,151,162,303,401,296
289,386,346,135,284,268,172,40,86,269
177,269,223,158,88,371,132,386,21,346
122,296,107,242,177,307,99,344,193,163
260,412,142,191,375,396,311,299,225,227
135,131,251,139,348,396,226,19,294,183
105,141,336,392,69,211,375,366,29,370
397,327,209,294,375,289,189,10,67,98
385,358,45,323,22,133,325,412,124,289
198,72,222,266,244,89,327,326,136,181
320,199,181,192,277,22,7,314,238,64
192,78,386,386,139,130,23,289,125,379
303,243,317,371,45,65,237,302,256,348
112,292,355,180,76,9,367,89,153,173
279,178,86,227,93,154,328,231,149,82
156,63,254,330,213,38,337,111,72,394
403,300,251,214,35,249,324,176,249,257
175,202,105,414,29,98,360,406,241,8
168,307,416,266,199,389,215,403,125,46
314,234,224,139,48,65,373,171,5,71
15,200,306,144,334,134,324,172,20,50
9,247,354,142,134,360,350,419,36,387
147,303,147,232,49,246,389,286,411,130
135,185,201,92,36,244,197,348,83,182
303,315,95,45,400,140,93,80,307,406
112,281,418,146,157,217,355,283,3,418
89,31,57,176,364,139,157,19,99,265
301,32,70,410,194,211,404,337,362,48
47,44,99,155,117,375,340,63,241,405
272,325,251,99,370,300,326,8,277,154
207,302,171,254,247,241,25,375,105,164
96,91,235,315,37,3,144,350,242,335
228,155,319,76,340,415,382,178,130,156
57,118,291,84,129,323,104,324,319,247
315,389,61,390,389,194,182,147,386,391
148,181,386,71,276,137,116,346,8,416
252,320,55,22,372,287,72,370,220,68
153,274,306,268,222,373,306,187,324,86
399,359,147,106,335,294,102,172,111,305
275,305,351,31,253,263,21,384,316,347
294,206,82,228,375,388,111,146,24,418
164,30,32,35,284,389,327,411,25,87
162,212,154,101,287,101,382,225,97,352
257,309,224,168,209,287,147,63,9,107
11,136,280,118,123,338,132,132,326,223
298,42,72,403,289,390,141,76,219,101
316,373,386,191,115,55,381,184,270,362
159,397,387,387,217,182,218,400,60,339
12,33,412,167,259,49,314,124,316,253
2,388,363,298,364,171,53,317,297,221
146,287,275,101,85,160,266,385,412,308
101,68,72,418,271,32,62,150,141,56
409,328,225,294,9,121,186,213,311,55
256,349,184,155,250,244,158,89,271,44
216,311,371,184,167,113,190,27,143,392
203,62,341,348,360,293,344,137,333,312
39,138,183,398,226,22,397,262,107,368
309,155,372,365,85,331,253,171,48,322
75,216,200,333,273,313,257,76,74,401
90,388,215,244,407,199,108,166,22,174
122,263,370,50,129,155,314,415,100,352
84,147,242,71,215,56,73,28,31,343
253,315,39,33,63,260,168,237,178,170
415,314,145,136,108,241,200,31,145,72
79,246,351,104,8,369,216,263,192,6
63,114,190,102,407,403,205,19,58,371
377,320,243,319,272,365,244,401,359,194
122,295,49,402,364,384,124,156,416,26
224,269,318,143,414,355,316,353,204,390
388,27,411,185,393,93,64,42,44,210
9,105,87,252,66,310,269,245,24,416
366,51,342,398,152,349,324,307,385,240
405,20,357,163,39,305,319,303,269,9
351,76,201,37,376,182,153,166,181,367
127,396,305,269,17,291,88,394,322,164
228,171,118,399,60,208,110,199,392,410
347,230,315,169,175,337,335,104,36,356
119,304,121,70,6,193,407,31,254,262
191,238,276,137,407,202,259,364,21,161
290,40,110,60,132,340,326,407,149,79
297,312,122,88,120,139,128,30,72,288
134,172,2,78,413,115,278,33,228,143
267,396,17,242,108,383,272,123,27,219
293,255,293,65,286,328,100,304,316,291
12,60,397,310,215,106,130,216,251,237
391,381,280,301,24,74,120,363,94,70
83,111,304,360,359,160,363,194,404,161
303,20,407,203,193,350,393,403,60,52
42,248,326,54,273,142,134,209,311,2
278,165,110,354,347,163,301,99,22,358
257,409,134,322,151,12,18,377,295,257
57,164,206,119,128,65,143,362,299,31
403,294,52,80,31,80,387,114,205,119
413,30,103,383,324,351,323,3,272,223
17,145,272,351,54,265,335,205,68,338
319,331,402,394,19,63,89,273,344,366
331,193,179,5,32,333,299,112,237,348
374,201,363,100,109,237,188,205,242,414
310,28,352,346,176,109,371,159,31,331
315,120,372,294,276,98,48,394,186,170
238,188,107,166,186,294,274,198,59,244
364,301,206,410,104,290,308,166,352,206
261,21,381,156,329,191,351,272,341,279
134,138,356,310,138,162,370,313,194,239
405,87,160,42,371,61,364,212,46,9
314,388,281,132,287,26,161,265,131,407
387,329,227,30,409,325,298,252,4,42
99,255,173,352,281,316,256,333,260,255
93,241,210,364,306,310,402,394,357,90
287,360,52,110,108,185,44,342,16,41
299,190,224,60,390,293,49,288,208,300
409,54,27,303,341,75,6,24,94,241
146,82,138,355,405,294,112,131,397,4
263,346,277,4,260,328,315,374,325,23
217,344,89,142,106,333,176,118,63,238
173,289,325,115,60,70,275,232,50,256
199,223,168,78,416,178,271,244,336,335
347,98,59,221,45,104,293,97,62,310
16,52,97,36,361,38,28,55,248,61
344,222,91,193,289,265,171,72,363,403
253,223,411,46,276,369,367,415,359,341
313,234,288,362,50,11,194,301,112,174
45,72,175,358,303,43,128,153,312,363
369,124,24,136,109,53,294,4,12,346
320,20,328,67,43,287,86,271,90,197
180,195,264,395,380,197,167,30,418,257
198,239,70,113,127,345,59,127,324,355
126,400,251,403,331,264,347,100,255,373
215,400,349,121,181,239,154,24,398,114
275,40,312,239,186,204,165,411,127,298
342,230,153,72,237,344,250,333,252,213
170,255,255,186,357,143,201,65,43,400
77,197,136,5,25,310,256,227,25,147
239,382,91,274,375,8,383,339,108,92
262,374,9,276,410,223,367,115,297,240
394,372,369,129,144,396,176,100,144,191
177,156,354,188,143,419,72,393,147,49
50,91,255,410,176,299,363,141,175,177
202,180,211,210,355,161,13,117,288,261
174,181,187,250,377,5,285,400,9,186
131,111,215,410,16,283,200,45,302,259
13,129,50,151,5,180,106,22,244,316
254,260,308,300,214,112,184,174,135,68
346,264,211,43,186,158,286,167,297,164
382,118,11,200,209,243,384,100,328,367
123,106,105,108,211,417,122,363,185,3
2,78,75,250,119,250,124,164,348,224
113,364,186,295,328,242,283,67,325,239
76,145,355,99,402,115,186,349,189,145
349,267,363,195,305,231,163,180,408,17
302,381,122,50,28,359,139,374,23,384
214,52,191,416,47,296,49,268,58,276
157,247,215,54,165,190,320,400,206,317
104,61,286,266,366,403,219,261,307,373
80,40,154,124,394,413,317,215,373,47
357,411,119,228,283,363,4,389,341,356
223,139,397,311,367,238,203,388,14,157
15,320,110,34,333,193,146,413,349,66
217,33,393,103,237,101,311,394,143,133
20,308,367,187,1,414,286,154,315,8
136,6,51,19,304,304,320,19,97,223
241,288,346,301,87,82,15,315,108,67
231,53,351,139,346,294,325,182,64,32
139,418,129,397,202,318,173,193,2,151
324,40,83,93,127,273,184,367,187,408
269,113,48,241,370,78,349,357,151,363
287,81,114,203,8,152,279,346,211,62
391,4,37,49,154,237,275,410,179,85
357,337,23,413,55,192,365,286,357,296
148,104,147,154,406,417,205,326,103,412
185,241,125,295,184,151,283,156,409,164
318,57,253,129,251,35,120,221,251,157
309,128,348,106,416,206,213,60,292,386
84,85,362,288,344,392,388,176,16,158
274,154,20,280,43,404,346,401,242,54
361,404,145,172,42,84,231,276,244,242
403,81,250,130,93,102,98,395,152,272
207,186,323,217,308,407,356,76,147,291
402,89,158,242,140,339,112,220,12,25
160,379,85,392,81,77,56,297,302,320
212,298,265,237,341,122,338,192,154,103
341,283,130,104,227,188,233,65,37,134
59,343,278,358,377,344,391,355,306,335
337,31,186,294,129,126,19,376,30,138
378,351,219,156,235,49,389,408,384,301
19,226,366,33,192,112,389,372,29,172
17,273,358,221,121,380,141,241,301,406
54,276,389,99,165,411,74,100,10,30
412,29,328,406,255,239,146,77,83,295
287,396,390,53,233,107,11,212,8,233
324,338,270,368,25,172,295,403,151,368
323,146,177,301,308,19,113,77,100,132
255,69,127,62,219,200,304,9,403,311
87,369,210,54,274,126,378,314,141,239
70,271,258,116,60,371,38,43,289,297
350,234,319,281,120,204,148,116,375,417
377,160,74,204,93,46,375,312,127,128
362,240,129,377,208,38,309,44,247,339
404,82,349,88,410,279,55,234,373,334
205,193,35,146,50,314,234,38,99,400
51,23,116,21,385,158,18,125,332,111
404,215,371,185,81,124,303,344,210,205
146,135,211,178,150,132,104,193,39,234
369,329,222,265,211,389,258,312,166,230
170,199,407,326,155,231,345,401,31,368
164,410,363,279,48,356,338,297,215,230
199,111,209,59,200,181,117,139,250,183
305,347,167,180,394,108,342,44,90,213
45,310,236,28,145,113,262,311,352,205
108,99,347,414,65,261,341,120,353,351
352,24,325,301,305,168,112,189,148,125
162,16,190,385,298,143,136,174,403,239
111,370,377,408,227,57,192,299,337,108
364,87,158,60,323,122,286,178,340,27
309,257,364,58,312,325,232,202,229,171
233,159,310,380,91,375,179,35,236,328
268,116,188,286,98,311,304,146,35,315
313,194,168,165,346,25,107,58,209,226
312,183,274,47,342,206,352,389,259,93
208,221,354,262,233,37,14,39,84,324
309,233,47,339,32,405,260,354,397,317
81,34,133,149,57,156,95,45,178,348
213,102,194,122,290,233,280,339,166,232
223,417,189,226,165,318,90,137,299,153
58,40,397,304,170,60,258,212,229,413
61,41,368,387,134,120,258,407,321,319
345,146,110,381,9,49,315,114,243,297
218,351,31,180,416,68,311,393,60,77
71,281,210,386,399,1,152,180,79,139
329,164,122,240,326,258,353,239,260,326
90,145,12,178,353,201,262,2,339,336
135,20,231,247,215,333,311,10,16,130
